摘要,应用版本,错误次数,最后发生时间,dSYM UUID,CPU Type,错误堆栈,Symbol 1,Symbol 2,Symbol 3,Symbol 4,Symbol 5,Symbol 6,Symbol 7,Symbol 8,Symbol 9,Symbol 10
Application received signal SIGABRT,5.0.2,8911,2015-03-25 09:40:12,94A00A53-3EE0-39AA-B98E-9113A3557DE7,armv7,"[""Application received signal SIGABRT"", ""(null)"", ""("", ""\t0   CoreFoundation                      0x27f2e477 <redacted> + 150"", ""\t1   libobjc.A.dylib                     0x35e29c8b objc_exception_throw + 38"", ""\t2   CoreFoundation                      0x27f2e3a5 <redacted> + 0"", ""\t3   ??????                              0x4d0c51 _ZN12CAX4CCStringC2El + 801188"", ""\t4   libsystem_platform.dylib            0x364f9873 _sigtramp + 34"", ""\t5   libsystem_pthread.dylib             0x364fdcc7 pthread_kill + 62"", ""\t6   libsystem_c.dylib                   0x3641b909 abort + 76"", ""\t7   libsystem_malloc.dylib              0x364b03af <redacted> + 334"", ""\t8   libsystem_malloc.dylib              0x364b0637 <redacted> + 66"", ""\t9   CFNetwork                           0x27984a6d <redacted> + 72"", ""\t10  CFNetwork                           0x27984a01 <redacted> + 12"", ""\t11  CFNetwork                           0x27a5a061 <redacted> + 36"", ""\t12  ??????                              0x3348c3 ?????? + 3344579"", ""\t13  ??????                              0x35496f ?????? + 3475823"", ""\t14  ??????                              0x348ed3 ?????? + 3428051"", ""\t15  ??????                              0x4493ad _ZN12CAX4CCStringC2El + 246016"", ""\t16  Foundation                          0x28c6389f <redacted> + 386"", ""\t17  CoreFoundation                      0x27ef4fbf <redacted> + 14"", ""\t18  CoreFoundation                      0x27ef43cf <redacted> + 218"", ""\t19  CoreFoundation                      0x27ef2a35 <redacted> + 772"", ""\t20  CoreFoundation                      0x27e403b1 CFRunLoopRunSpecific + 476"", ""\t21  CoreFoundation                      0x27e401c3 CFRunLoopRunInMode + 106"", ""\t22  Foundation                          0x28b9e8bd <redacted> + 264"", ""\t23  Foundation                          0x28becbbd <redacted> + 80"", ""\t24  ??????                              0x447cc9 _ZN12CAX4CCStringC2El + 240156"", ""\t25  Foundation                          0x28c6368b <redacted> + 1118"", ""\t26  libsystem_pthread.dylib             0x364fce23 <redacted> + 138"", ""\t27  libsystem_pthread.dylib             0x364fcd97 _pthread_start + 118"", ""\t28  libsystem_pthread.dylib             0x364fab20 thread_start + 8"", "")"", """", ""dSYM UUID: 94A00A53-3EE0-39AA-B98E-9113A3557DE7"", ""CPU Type: armv7"", ""Slide Address: 0x00004000"", ""Binary Image: ??"", ""Base Address: 0x0001d000""]",0x4d0c51,0x3348c3,0x35496f,0x348ed3,0x4493ad,0x447cc9
Application received signal SIGABRT,5.0.2,1870,2015-03-25 08:49:30,94A00A53-3EE0-39AA-B98E-9113A3557DE7,armv7,"[""Application received signal SIGABRT"", ""(null)"", ""("", ""\t0   CoreFoundation                      0x2e8a8f23 <redacted> + 154"", ""\t1   libobjc.A.dylib                     0x3903bce7 objc_exception_throw + 38"", ""\t2   CoreFoundation                      0x2e8a8e4d <redacted> + 0"", ""\t3   ??????                              0x4d0c51 _ZN12CAX4CCStringC2El + 801188"", ""\t4   libsystem_platform.dylib            0x3965371b _sigtramp + 34"", ""\t5   libsystem_pthread.dylib             0x396587b7 pthread_kill + 58"", ""\t6   libsystem_c.dylib                   0x395a0ff9 abort + 76"", ""\t7   libsystem_malloc.dylib              0x3961e731 <redacted> + 0"", ""\t8   libsystem_malloc.dylib              0x3961e98b <redacted> + 66"", ""\t9   CFNetwork                           0x2e49dbcd <redacted> + 72"", ""\t10  CFNetwork                           0x2e49db61 <redacted> + 12"", ""\t11  Foundation                          0x2f23afbd <redacted> + 36"", ""\t12  ??????                              0x3348c3 ?????? + 3344579"", ""\t13  ??????                              0x35496f ?????? + 3475823"", ""\t14  ??????                              0x348ed3 ?????? + 3428051"", ""\t15  ??????                              0x4493ad _ZN12CAX4CCStringC2El + 246016"", ""\t16  Foundation                          0x2f291c23 <redacted> + 386"", ""\t17  CoreFoundation                      0x2e873fef <redacted> + 14"", ""\t18  CoreFoundation                      0x2e8734b7 <redacted> + 206"", ""\t19  CoreFoundation                      0x2e871ca7 <redacted> + 630"", ""\t20  CoreFoundation                      0x2e7dc769 CFRunLoopRunSpecific + 524"", ""\t21  CoreFoundation                      0x2e7dc54b CFRunLoopRunInMode + 106"", ""\t22  Foundation                          0x2f1cf497 <redacted> + 254"", ""\t23  Foundation                          0x2f220259 <redacted> + 80"", ""\t24  ??????                              0x447cc9 _ZN12CAX4CCStringC2El + 240156"", ""\t25  Foundation                          0x2f291a0f <redacted> + 1062"", ""\t26  libsystem_pthread.dylib             0x39657959 <redacted> + 140"", ""\t27  libsystem_pthread.dylib             0x396578cb _pthread_start + 102"", ""\t28  libsystem_pthread.dylib             0x39655ae8 thread_start + 8"", "")"", """", ""dSYM UUID: 94A00A53-3EE0-39AA-B98E-9113A3557DE7"", ""CPU Type: armv7"", ""Slide Address: 0x00004000"", ""Binary Image: ??"", ""Base Address: 0x000df000""]",0x4d0c51,0x3348c3,0x35496f,0x348ed3,0x4493ad,0x447cc9
Application received signal SIGSEGV,5.0.2,1439,2015-03-25 10:02:30,94A00A53-3EE0-39AA-B98E-9113A3557DE7,armv7,"[""Application received signal SIGSEGV"", ""(null)"", ""("", ""\t0   CoreFoundation                      0x2d01f4b7 <redacted> + 150"", ""\t1   libobjc.A.dylib                     0x3a83ec8b objc_exception_throw + 38"", ""\t2   CoreFoundation                      0x2d01f3e5 <redacted> + 0"", ""\t3   ??????                              0x4d0c51 _ZN12CAX4CCStringC2El + 801188"", ""\t4   libsystem_platform.dylib            0x3aefe873 _sigtramp + 34"", ""\t5   ???                                 0xfff5efff 0x0 + 4294967295"", ""\t6   libicucore.A.dylib                  0x3a3b54e1 _ZN3icu12RegexMatcher4findEv + 832"", ""\t7   libicucore.A.dylib                  0x3a3e948b uregex_findNext + 46"", ""\t8   Foundation                          0x2dcbb6f9 <redacted> + 808"", ""\t9   Foundation                          0x2dcbb379 <redacted> + 212"", ""\t10  ??????                              0x333ca3 ?????? + 3341475"", ""\t11  ??????                              0x333e8b ?????? + 3341963"", ""\t12  ??????                              0x3346af ?????? + 3344047"", ""\t13  ??????                              0x341eb9 ?????? + 3399353"", ""\t14  ??????                              0x354a79 ?????? + 3476089"", ""\t15  ??????                              0x348ed3 ?????? + 3428051"", ""\t16  CFNetwork                           0x2cb78f81 <redacted> + 56"", ""\t17  CFNetwork                           0x2cb78f3b <redacted> + 182"", ""\t18  CFNetwork                           0x2cb7905d <redacted> + 36"", ""\t19  CFNetwork                           0x2cb66cd1 <redacted> + 84"", ""\t20  CFNetwork                           0x2cb2bf4f <redacted> + 86"", ""\t21  CFNetwork                           0x2cb2a889 <redacted> + 60"", ""\t22  CFNetwork                           0x2ca7ef4d <redacted> + 60"", ""\t23  CoreFoundation                      0x2cf30e2d CFArrayApplyFunction + 36"", ""\t24  CFNetwork                           0x2ca7ee07 <redacted> + 182"", ""\t25  CFNetwork                           0x2ca7eccd <redacted> + 216"", ""\t26  CFNetwork                           0x2ca7eb61 <redacted> + 48"", ""\t27  CoreFoundation                      0x2cfe5d57 <redacted> + 14"", ""\t28  CoreFoundation                      0x2cfe5167 <redacted> + 218"", ""\t29  CoreFoundation                      0x2cfe37cd <redacted> + 772"", ""\t30  CoreFoundation                      0x2cf313c1 CFRunLoopRunSpecific + 476"", ""\t31  CoreFoundation                      0x2cf311d3 CFRunLoopRunInMode + 106"", ""\t32  Foundation                          0x2dc6ab9d <redacted> + 264"", ""\t33  Foundation                          0x2dcb905d <redacted> + 80"", ""\t34  ??????                              0x447cc9 _ZN12CAX4CCStringC2El + 240156"", ""\t35  Foundation                          0x2dd2fafb <redacted> + 1118"", ""\t36  libsystem_pthread.dylib             0x3af01e93 <redacted> + 138"", ""\t37  libsystem_pthread.dylib             0x3af01e07 _pthread_start + 118"", ""\t38  libsystem_pthread.dylib             0x3aeffb90 thread_start + 8"", "")"", """", ""dSYM UUID: 94A00A53-3EE0-39AA-B98E-9113A3557DE7"", ""CPU Type: armv7"", ""Slide Address: 0x00004000"", ""Binary Image: ??"", ""Base Address: 0x000a5000""]",0x4d0c51,0xfff5efff,0x333ca3,0x333e8b,0x3346af,0x341eb9,0x354a79,0x348ed3,0x447cc9
Application received signal SIGSEGV,5.0.2,1252,2015-03-25 10:02:30,94A00A53-3EE0-39AA-B98E-9113A3557DE7,armv7,"[""Application received signal SIGSEGV"", ""(null)"", ""("", ""\t0   CoreFoundation                      0x2ae04c37 <redacted> + 150"", ""\t1   libobjc.A.dylib                     0x385dcc8b objc_exception_throw + 38"", ""\t2   CoreFoundation                      0x2ae04b65 <redacted> + 0"", ""\t3   ??????                              0x4d0c51 _ZN12CAX4CCStringC2El + 801188"", ""\t4   libsystem_platform.dylib            0x38c9c873 _sigtramp + 34"", ""\t5   ???                                 0xfff5efff 0x0 + 4294967295"", ""\t6   libicucore.A.dylib                  0x381654e1 _ZN3icu12RegexMatcher4findEv + 832"", ""\t7   libicucore.A.dylib                  0x3819948b uregex_findNext + 46"", ""\t8   Foundation                          0x2ba9f759 <redacted> + 808"", ""\t9   Foundation                          0x2ba9f3d9 <redacted> + 212"", ""\t10  ??????                              0x333ca3 ?????? + 3341475"", ""\t11  ??????                              0x333e8b ?????? + 3341963"", ""\t12  ??????                              0x3346af ?????? + 3344047"", ""\t13  ??????                              0x341eb9 ?????? + 3399353"", ""\t14  ??????                              0x354a79 ?????? + 3476089"", ""\t15  ??????                              0x348ed3 ?????? + 3428051"", ""\t16  ??????                              0x4493ad _ZN12CAX4CCStringC2El + 246016"", ""\t17  Foundation                          0x2bb13d6f <redacted> + 386"", ""\t18  CoreFoundation                      0x2adcb377 <redacted> + 14"", ""\t19  CoreFoundation                      0x2adca787 <redacted> + 218"", ""\t20  CoreFoundation                      0x2adc8ded <redacted> + 772"", ""\t21  CoreFoundation                      0x2ad17211 CFRunLoopRunSpecific + 476"", ""\t22  CoreFoundation                      0x2ad17023 CFRunLoopRunInMode + 106"", ""\t23  Foundation                          0x2ba4ebfd <redacted> + 264"", ""\t24  Foundation                          0x2ba9d0bd <redacted> + 80"", ""\t25  ??????                              0x447cc9 _ZN12CAX4CCStringC2El + 240156"", ""\t26  Foundation                          0x2bb13b5b <redacted> + 1118"", ""\t27  libsystem_pthread.dylib             0x38c9fe93 <redacted> + 138"", ""\t28  libsystem_pthread.dylib             0x38c9fe07 _pthread_start + 118"", ""\t29  libsystem_pthread.dylib             0x38c9db90 thread_start + 8"", "")"", """", ""dSYM UUID: 94A00A53-3EE0-39AA-B98E-9113A3557DE7"", ""CPU Type: armv7"", ""Slide Address: 0x00004000"", ""Binary Image: ??"", ""Base Address: 0x000a5000""]",0x4d0c51,0xfff5efff,0x333ca3,0x333e8b,0x3346af,0x341eb9,0x354a79,0x348ed3,0x4493ad,0x447cc9
Application received signal SIGSEGV,5.0.2,1204,2015-03-25 10:02:30,94A00A53-3EE0-39AA-B98E-9113A3557DE7,armv7,"[""Application received signal SIGSEGV"", ""(null)"", ""("", ""\t0   CoreFoundation                      0x24c8e477 <redacted> + 150"", ""\t1   libobjc.A.dylib                     0x32b89c8b objc_exception_throw + 38"", ""\t2   CoreFoundation                      0x24c8e3a5 <redacted> + 0"", ""\t3   ??????                              0x4d0c51 _ZN12CAX4CCStringC2El + 801188"", ""\t4   libsystem_platform.dylib            0x33259873 _sigtramp + 34"", ""\t5   libicucore.A.dylib                  0x32708889 _ZN3icu12RegexMatcher10resetStackEv + 96"", ""\t6   libicucore.A.dylib                  0x32708889 _ZN3icu12RegexMatcher10resetStackEv + 96"", ""\t7   libicucore.A.dylib                  0x3270110d _ZN3icu12RegexMatcher7MatchAtExaR10UErrorCode + 92"", ""\t8   libicucore.A.dylib                  0x327004e1 _ZN3icu12RegexMatcher4findEv + 832"", ""\t9   libicucore.A.dylib                  0x3273448b uregex_findNext + 46"", ""\t10  Foundation                          0x2594f259 <redacted> + 808"", ""\t11  Foundation                          0x2594eed9 <redacted> + 212"", ""\t12  ??????                              0x333ca3 ?????? + 3341475"", ""\t13  ??????                              0x333e8b ?????? + 3341963"", ""\t14  ??????                              0x3346af ?????? + 3344047"", ""\t15  ??????                              0x341eb9 ?????? + 3399353"", ""\t16  ??????                              0x354a79 ?????? + 3476089"", ""\t17  ??????                              0x348ed3 ?????? + 3428051"", ""\t18  CFNetwork                           0x247e7a6d <redacted> + 56"", ""\t19  CFNetwork                           0x247e7a27 <redacted> + 182"", ""\t20  CFNetwork                           0x247e7b49 <redacted> + 36"", ""\t21  CFNetwork                           0x247d5739 <redacted> + 84"", ""\t22  CFNetwork                           0x2479a6bf <redacted> + 86"", ""\t23  CFNetwork                           0x24798ff9 <redacted> + 60"", ""\t24  CFNetwork                           0x246ecd8d <redacted> + 60"", ""\t25  CoreFoundation                      0x24b9fe1d CFArrayApplyFunction + 36"", ""\t26  CFNetwork                           0x246ecc47 <redacted> + 182"", ""\t27  CFNetwork                           0x246ecb0d <redacted> + 216"", ""\t28  CFNetwork                           0x246ec9a1 <redacted> + 48"", ""\t29  CoreFoundation                      0x24c54fbf <redacted> + 14"", ""\t30  CoreFoundation                      0x24c543cf <redacted> + 218"", ""\t31  CoreFoundation                      0x24c52a35 <redacted> + 772"", ""\t32  CoreFoundation                      0x24ba03b1 CFRunLoopRunSpecific + 476"", ""\t33  CoreFoundation                      0x24ba01c3 CFRunLoopRunInMode + 106"", ""\t34  Foundation                          0x258fe8bd <redacted> + 264"", ""\t35  Foundation                          0x2594cbbd <redacted> + 80"", ""\t36  ??????                              0x447cc9 _ZN12CAX4CCStringC2El + 240156"", ""\t37  Foundation                          0x259c368b <redacted> + 1118"", ""\t38  libsystem_pthread.dylib             0x3325ce23 <redacted> + 138"", ""\t39  libsystem_pthread.dylib             0x3325cd97 _pthread_start + 118"", ""\t40  libsystem_pthread.dylib             0x3325ab20 thread_start + 8"", "")"", """", ""dSYM UUID: 94A00A53-3EE0-39AA-B98E-9113A3557DE7"", ""CPU Type: armv7"", ""Slide Address: 0x00004000"", ""Binary Image: ??"", ""Base Address: 0x000e4000""]",0x4d0c51,0x333ca3,0x333e8b,0x3346af,0x341eb9,0x354a79,0x348ed3,0x447cc9
Application received signal SIGSEGV,5.0.2,1110,2015-03-25 10:00:29,94A00A53-3EE0-39AA-B98E-9113A3557DE7,armv7,"[""Application received signal SIGSEGV"", ""(null)"", ""("", ""\t0   CoreFoundation                      0x249b7477 <redacted> + 150"", ""\t1   libobjc.A.dylib                     0x328bac8b objc_exception_throw + 38"", ""\t2   CoreFoundation                      0x249b73a5 <redacted> + 0"", ""\t3   ??????                              0x4d0c51 _ZN12CAX4CCStringC2El + 801188"", ""\t4   libsystem_platform.dylib            0x32f8a873 _sigtramp + 34"", ""\t5   CoreFoundation                      0x248d658f <redacted> + 130"", ""\t6   Foundation                          0x2562c061 <redacted> + 172"", ""\t7   ??????                              0x339eb9 ?????? + 3366585"", ""\t8   ??????                              0x33a1c7 ?????? + 3367367"", ""\t9   CFNetwork                           0x2442fccb <redacted> + 186"", ""\t10  CFNetwork                           0x2442fdd9 <redacted> + 76"", ""\t11  CFNetwork                           0x244c58d7 <redacted> + 102"", ""\t12  CFNetwork                           0x24412abb <redacted> + 118"", ""\t13  CFNetwork                           0x24412a1f CFURLConnectionStart + 42"", ""\t14  WebCore                             0x3022f5c3 <redacted> + 174"", ""\t15  WebCore                             0x3022f09d _ZN7WebCore14ResourceHandle6createEPNS_17NetworkingContextERKNS_15ResourceRequestEPNS_20ResourceHandleClientEbb + 408"", ""\t16  WebCore                             0x3022ecf7 <redacted> + 126"", ""\t17  WebCore                             0x3022dd13 <redacted> + 266"", ""\t18  WebCore                             0x3022dbcf _ZN7WebCore21ResourceLoadScheduler20servePendingRequestsEPNS0_15HostInformationENS_20ResourceLoadPriorityE + 350"", ""\t19  WebCore                             0x3022d333 _ZN7WebCore21ResourceLoadScheduler23scheduleSubresourceLoadEPNS_5FrameEPNS_14CachedResourceERKNS_15ResourceRequestENS_20ResourceLoadPriorityERKNS_21ResourceLoaderOptionsE + 46"", ""\t20  WebCore                             0x3022c4a9 <redacted> + 840"", ""\t21  WebCore                             0x3022aa17 <redacted> + 958"", ""\t22  WebCore                             0x302d5511 <redacted> + 200"", ""\t23  WebCore                             0x302d4d33 <redacted> + 1202"", ""\t24  WebCore                             0x302d45d7 <redacted> + 586"", ""\t25  WebCore                             0x3057931b <redacted> + 30"", ""\t26  WebCore                             0x3027d517 <redacted> + 154"", ""\t27  WebCore                             0x3027d455 <redacted> + 160"", ""\t28  WebCore                             0x3027f2fd <redacted> + 24"", ""\t29  WebCore                             0x3027ca0f <redacted> + 3518"", ""\t30  WebCore                             0x3027b295 <redacted> + 2224"", ""\t31  WebCore                             0x3027a94d <redacted> + 88"", ""\t32  WebCore                             0x3027a85d <redacted> + 212"", ""\t33  WebCore                             0x3027a25d <redacted> + 104"", ""\t34  WebCore                             0x3026a2fb <redacted> + 334"", ""\t35  WebCore                             0x302b9ccf <redacted> + 302"", ""\t36  WebCore                             0x304b0a69 <redacted> + 72"", ""\t37  WebCore                             0x3028ee29 _ZN7WebCore14DocumentLoader10commitDataEPKcm + 36"", ""\t38  WebKitLegacy                        0x30d9af9d <redacted> + 180"", ""\t39  WebKitLegacy                        0x30d9ae39 <redacted> + 136"", ""\t40  WebKitLegacy                        0x30d9ad95 <redacted> + 100"", ""\t41  WebCore                             0x302b2c8f <redacted> + 98"", ""\t42  WebCore                             0x302b2ba7 _ZN7WebCore14DocumentLoader12dataReceivedEPNS_14CachedResourceEPKci + 270"", ""\t43  WebCore                             0x302b1bd5 <redacted> + 960"", ""\t44  WebCore                             0x302b13a9 _ZN7WebCore14DocumentLoader16responseReceivedEPNS_14CachedResourceERKNS_16ResourceResponseE + 1064"", ""\t45  WebCore                             0x304df76b <redacted> + 346"", ""\t46  WebCore                             0x302213bd <redacted> + 132"", ""\t47  WebCore                             0x30221319 <redacted> + 24"", ""\t48  CoreFoundation                      0x2497deef <redacted> + 14"", ""\t49  CoreFoundation                      0x2497da6b <redacted> + 650"", ""\t50  CoreFoundation                      0x2497bcbb <redacted> + 1418"", ""\t51  CoreFoundation                      0x248c93b1 CFRunLoopRunSpecific + 476"", ""\t52  CoreFoundation                      0x248c91c3 CFRunLoopRunInMode + 106"", ""\t53  WebCore                             0x30286483 <redacted> + 418"", ""\t54  libsystem_pthread.dylib             0x32f8de23 <redacted> + 138"", ""\t55  libsystem_pthread.dylib             0x32f8dd97 _pthread_start + 118"", ""\t56  libsystem_pthread.dylib             0x32f8bb20 thread_start + 8"", "")"", """", ""dSYM UUID: 94A00A53-3EE0-39AA-B98E-9113A3557DE7"", ""CPU Type: armv7"", ""Slide Address: 0x00004000"", ""Binary Image: ??"", ""Base Address: 0x000f0000""]",0x4d0c51,0x339eb9,0x33a1c7
Application received signal SIGSEGV,5.0.2,915,2015-03-25 09:56:24,94A00A53-3EE0-39AA-B98E-9113A3557DE7,armv7,"[""Application received signal SIGSEGV"", ""(null)"", ""("", ""\t0   CoreFoundation                      0x278bd4b7 <redacted> + 150"", ""\t1   libobjc.A.dylib                     0x350d4c8b objc_exception_throw + 38"", ""\t2   CoreFoundation                      0x278bd3e5 <redacted> + 0"", ""\t3   ??????                              0x4d0c51 _ZN12CAX4CCStringC2El + 801188"", ""\t4   libsystem_platform.dylib            0x35794873 _sigtramp + 34"", ""\t5   CFNetwork                           0x27314c7b <redacted> + 46"", ""\t6   CFNetwork                           0x27314bc9 <redacted> + 12"", ""\t7   CFNetwork                           0x273e95f9 <redacted> + 36"", ""\t8   ??????                              0x3348c3 ?????? + 3344579"", ""\t9   ??????                              0x35496f ?????? + 3475823"", ""\t10  ??????                              0x348ed3 ?????? + 3428051"", ""\t11  ??????                              0x4493ad _ZN12CAX4CCStringC2El + 246016"", ""\t12  Foundation                          0x285cdd0f <redacted> + 386"", ""\t13  CoreFoundation                      0x27883d57 <redacted> + 14"", ""\t14  CoreFoundation                      0x27883167 <redacted> + 218"", ""\t15  CoreFoundation                      0x278817cd <redacted> + 772"", ""\t16  CoreFoundation                      0x277cf3c1 CFRunLoopRunSpecific + 476"", ""\t17  CoreFoundation                      0x277cf1d3 CFRunLoopRunInMode + 106"", ""\t18  Foundation                          0x28508b9d <redacted> + 264"", ""\t19  Foundation                          0x2855705d <redacted> + 80"", ""\t20  ??????                              0x447cc9 _ZN12CAX4CCStringC2El + 240156"", ""\t21  Foundation                          0x285cdafb <redacted> + 1118"", ""\t22  libsystem_pthread.dylib             0x35797e93 <redacted> + 138"", ""\t23  libsystem_pthread.dylib             0x35797e07 _pthread_start + 118"", ""\t24  libsystem_pthread.dylib             0x35795b90 thread_start + 8"", "")"", """", ""dSYM UUID: 94A00A53-3EE0-39AA-B98E-9113A3557DE7"", ""CPU Type: armv7"", ""Slide Address: 0x00004000"", ""Binary Image: ??"", ""Base Address: 0x000bb000""]",0x4d0c51,0x3348c3,0x35496f,0x348ed3,0x4493ad,0x447cc9
Application received signal SIGABRT,5.0.2,782,2015-03-25 09:38:10,94A00A53-3EE0-39AA-B98E-9113A3557DE7,armv7,"[""Application received signal SIGABRT"", ""(null)"", ""("", ""\t0   CoreFoundation                      0x2f082ea3 <redacted> + 154"", ""\t1   libobjc.A.dylib                     0x3937c6c7 objc_exception_throw + 38"", ""\t2   CoreFoundation                      0x2f082dcd <redacted> + 0"", ""\t3   ??????                              0x4d0c51 _ZN12CAX4CCStringC2El + 801188"", ""\t4   libsystem_platform.dylib            0x3998e71b _sigtramp + 34"", ""\t5   libsystem_pthread.dylib             0x39993a53 pthread_kill + 58"", ""\t6   libsystem_c.dylib                   0x398dd02d abort + 76"", ""\t7   libsystem_malloc.dylib              0x3995a75d <redacted> + 0"", ""\t8   libsystem_malloc.dylib              0x3995a9b7 <redacted> + 66"", ""\t9   CFNetwork                           0x2ec7df2f <redacted> + 50"", ""\t10  CFNetwork                           0x2ec7ded9 <redacted> + 12"", ""\t11  Foundation                          0x2fa103cd <redacted> + 36"", ""\t12  ??????                              0x3348c3 ?????? + 3344579"", ""\t13  ??????                              0x35496f ?????? + 3475823"", ""\t14  ??????                              0x348ed3 ?????? + 3428051"", ""\t15  ??????                              0x4493ad _ZN12CAX4CCStringC2El + 246016"", ""\t16  Foundation                          0x2fa66fdb <redacted> + 386"", ""\t17  CoreFoundation                      0x2f04df27 <redacted> + 14"", ""\t18  CoreFoundation                      0x2f04d3ef <redacted> + 206"", ""\t19  CoreFoundation                      0x2f04bbdf <redacted> + 630"", ""\t20  CoreFoundation                      0x2efb6541 CFRunLoopRunSpecific + 524"", ""\t21  CoreFoundation                      0x2efb6323 CFRunLoopRunInMode + 106"", ""\t22  Foundation                          0x2f9a4827 <redacted> + 254"", ""\t23  Foundation                          0x2f9f5669 <redacted> + 80"", ""\t24  ??????                              0x447cc9 _ZN12CAX4CCStringC2El + 240156"", ""\t25  Foundation                          0x2fa66dc7 <redacted> + 1062"", ""\t26  libsystem_pthread.dylib             0x39992c5d <redacted> + 140"", ""\t27  libsystem_pthread.dylib             0x39992bcf _pthread_start + 102"", ""\t28  libsystem_pthread.dylib             0x39990cd0 thread_start + 8"", "")"", """", ""dSYM UUID: 94A00A53-3EE0-39AA-B98E-9113A3557DE7"", ""CPU Type: armv7"", ""Slide Address: 0x00004000"", ""Binary Image: ??"", ""Base Address: 0x00061000""]",0x4d0c51,0x3348c3,0x35496f,0x348ed3,0x4493ad,0x447cc9
Application received signal SIGSEGV,5.0.2,675,2015-03-25 10:02:30,94A00A53-3EE0-39AA-B98E-9113A3557DE7,armv7,"[""Application received signal SIGSEGV"", ""(null)"", ""("", ""\t0   CoreFoundation                      0x2b9ba477 <redacted> + 150"", ""\t1   libobjc.A.dylib                     0x398b5c8b objc_exception_throw + 38"", ""\t2   CoreFoundation                      0x2b9ba3a5 <redacted> + 0"", ""\t3   ??????                              0x4d0c51 _ZN12CAX4CCStringC2El + 801188"", ""\t4   libsystem_platform.dylib            0x39f85873 _sigtramp + 34"", ""\t5   Foundation                          0x2c67b40f <redacted> + 1246"", ""\t6   Foundation                          0x2c67b40f <redacted> + 1246"", ""\t7   Foundation                          0x2c67aed9 <redacted> + 212"", ""\t8   ??????                              0x333ca3 ?????? + 3341475"", ""\t9   ??????                              0x333e8b ?????? + 3341963"", ""\t10  ??????                              0x3346af ?????? + 3344047"", ""\t11  ??????                              0x341eb9 ?????? + 3399353"", ""\t12  ??????                              0x354a79 ?????? + 3476089"", ""\t13  ??????                              0x348ed3 ?????? + 3428051"", ""\t14  CFNetwork                           0x2b513a6d <redacted> + 56"", ""\t15  CFNetwork                           0x2b513a27 <redacted> + 182"", ""\t16  CFNetwork                           0x2b513b49 <redacted> + 36"", ""\t17  CFNetwork                           0x2b501739 <redacted> + 84"", ""\t18  CFNetwork                           0x2b4c66bf <redacted> + 86"", ""\t19  CFNetwork                           0x2b4c4ff9 <redacted> + 60"", ""\t20  CFNetwork                           0x2b418d8d <redacted> + 60"", ""\t21  CoreFoundation                      0x2b8cbe1d CFArrayApplyFunction + 36"", ""\t22  CFNetwork                           0x2b418c47 <redacted> + 182"", ""\t23  CFNetwork                           0x2b418b0d <redacted> + 216"", ""\t24  CFNetwork                           0x2b4189a1 <redacted> + 48"", ""\t25  CoreFoundation                      0x2b980fbf <redacted> + 14"", ""\t26  CoreFoundation                      0x2b9803cf <redacted> + 218"", ""\t27  CoreFoundation                      0x2b97ea35 <redacted> + 772"", ""\t28  CoreFoundation                      0x2b8cc3b1 CFRunLoopRunSpecific + 476"", ""\t29  CoreFoundation                      0x2b8cc1c3 CFRunLoopRunInMode + 106"", ""\t30  Foundation                          0x2c62a8bd <redacted> + 264"", ""\t31  Foundation                          0x2c678bbd <redacted> + 80"", ""\t32  ??????                              0x447cc9 _ZN12CAX4CCStringC2El + 240156"", ""\t33  Foundation                          0x2c6ef68b <redacted> + 1118"", ""\t34  libsystem_pthread.dylib             0x39f88e23 <redacted> + 138"", ""\t35  libsystem_pthread.dylib             0x39f88d97 _pthread_start + 118"", ""\t36  libsystem_pthread.dylib             0x39f86b20 thread_start + 8"", "")"", """", ""dSYM UUID: 94A00A53-3EE0-39AA-B98E-9113A3557DE7"", ""CPU Type: armv7"", ""Slide Address: 0x00004000"", ""Binary Image: ??"", ""Base Address: 0x0004c000""]",0x4d0c51,0x333ca3,0x333e8b,0x3346af,0x341eb9,0x354a79,0x348ed3,0x447cc9
Application received signal SIGSEGV,5.0.2,613,2015-03-25 10:02:30,94A00A53-3EE0-39AA-B98E-9113A3557DE7,armv7,"[""Application received signal SIGSEGV"", ""(null)"", ""("", ""\t0   CoreFoundation                      0x29755c37 <redacted> + 150"", ""\t1   libobjc.A.dylib                     0x36f2dc8b objc_exception_throw + 38"", ""\t2   CoreFoundation                      0x29755b65 <redacted> + 0"", ""\t3   ??????                              0x4d0c51 _ZN12CAX4CCStringC2El + 801188"", ""\t4   libsystem_platform.dylib            0x375ed873 _sigtramp + 34"", ""\t5   libicucore.A.dylib                  0x36abe889 _ZN3icu12RegexMatcher10resetStackEv + 96"", ""\t6   libicucore.A.dylib                  0x36abe889 _ZN3icu12RegexMatcher10resetStackEv + 96"", ""\t7   libicucore.A.dylib                  0x36ab710d _ZN3icu12RegexMatcher7MatchAtExaR10UErrorCode + 92"", ""\t8   libicucore.A.dylib                  0x36ab64e1 _ZN3icu12RegexMatcher4findEv + 832"", ""\t9   libicucore.A.dylib                  0x36aea48b uregex_findNext + 46"", ""\t10  Foundation                          0x2a3f0759 <redacted> + 808"", ""\t11  Foundation                          0x2a3f03d9 <redacted> + 212"", ""\t12  ??????                              0x333ca3 ?????? + 3341475"", ""\t13  ??????                              0x333e8b ?????? + 3341963"", ""\t14  ??????                              0x3346af ?????? + 3344047"", ""\t15  ??????                              0x341eb9 ?????? + 3399353"", ""\t16  ??????                              0x354a79 ?????? + 3476089"", ""\t17  ??????                              0x348ed3 ?????? + 3428051"", ""\t18  ??????                              0x4493ad _ZN12CAX4CCStringC2El + 246016"", ""\t19  Foundation                          0x2a464d6f <redacted> + 386"", ""\t20  CoreFoundation                      0x2971c377 <redacted> + 14"", ""\t21  CoreFoundation                      0x2971b787 <redacted> + 218"", ""\t22  CoreFoundation                      0x29719ded <redacted> + 772"", ""\t23  CoreFoundation                      0x29668211 CFRunLoopRunSpecific + 476"", ""\t24  CoreFoundation                      0x29668023 CFRunLoopRunInMode + 106"", ""\t25  Foundation                          0x2a39fbfd <redacted> + 264"", ""\t26  Foundation                          0x2a3ee0bd <redacted> + 80"", ""\t27  ??????                              0x447cc9 _ZN12CAX4CCStringC2El + 240156"", ""\t28  Foundation                          0x2a464b5b <redacted> + 1118"", ""\t29  libsystem_pthread.dylib             0x375f0e93 <redacted> + 138"", ""\t30  libsystem_pthread.dylib             0x375f0e07 _pthread_start + 118"", ""\t31  libsystem_pthread.dylib             0x375eeb90 thread_start + 8"", "")"", """", ""dSYM UUID: 94A00A53-3EE0-39AA-B98E-9113A3557DE7"", ""CPU Type: armv7"", ""Slide Address: 0x00004000"", ""Binary Image: ??"", ""Base Address: 0x0001a000""]",0x4d0c51,0x333ca3,0x333e8b,0x3346af,0x341eb9,0x354a79,0x348ed3,0x4493ad,0x447cc9
Application received signal SIGSEGV,5.0.2,609,2015-03-25 10:00:29,94A00A53-3EE0-39AA-B98E-9113A3557DE7,armv7,"[""Application received signal SIGSEGV"", ""(null)"", ""("", ""\t0   CoreFoundation                      0x249a14b7 <redacted> + 150"", ""\t1   libobjc.A.dylib                     0x321c0c8b objc_exception_throw + 38"", ""\t2   CoreFoundation                      0x249a13e5 <redacted> + 0"", ""\t3   ??????                              0x4d0c51 _ZN12CAX4CCStringC2El + 801188"", ""\t4   libsystem_platform.dylib            0x32880873 _sigtramp + 34"", ""\t5   Foundation                          0x25653bbf <redacted> + 38"", ""\t6   libobjc.A.dylib                     0x321dad5f <redacted> + 166"", ""\t7   libobjc.A.dylib                     0x321db1a9 <redacted> + 404"", ""\t8   CoreFoundation                      0x248b3149 _CFAutoreleasePoolPop + 16"", ""\t9   Foundation                          0x256b1dd1 <redacted> + 580"", ""\t10  CoreFoundation                      0x24967d57 <redacted> + 14"", ""\t11  CoreFoundation                      0x24967167 <redacted> + 218"", ""\t12  CoreFoundation                      0x249657cd <redacted> + 772"", ""\t13  CoreFoundation                      0x248b33c1 CFRunLoopRunSpecific + 476"", ""\t14  CoreFoundation                      0x248b31d3 CFRunLoopRunInMode + 106"", ""\t15  Foundation                          0x255ecb9d <redacted> + 264"", ""\t16  Foundation                          0x2563b05d <redacted> + 80"", ""\t17  ??????                              0x447cc9 _ZN12CAX4CCStringC2El + 240156"", ""\t18  Foundation                          0x256b1afb <redacted> + 1118"", ""\t19  libsystem_pthread.dylib             0x32883e93 <redacted> + 138"", ""\t20  libsystem_pthread.dylib             0x32883e07 _pthread_start + 118"", ""\t21  libsystem_pthread.dylib             0x32881b90 thread_start + 8"", "")"", """", ""dSYM UUID: 94A00A53-3EE0-39AA-B98E-9113A3557DE7"", ""CPU Type: armv7"", ""Slide Address: 0x00004000"", ""Binary Image: ??"", ""Base Address: 0x0000c000""]",0x4d0c51,0x447cc9
Application received signal SIGSEGV,5.0.2,602,2015-03-25 09:40:12,94A00A53-3EE0-39AA-B98E-9113A3557DE7,armv7,"[""Application received signal SIGSEGV"", ""(null)"", ""("", ""\t0   CoreFoundation                      0x22ed64b7 <redacted> + 150"", ""\t1   libobjc.A.dylib                     0x306f5c8b objc_exception_throw + 38"", ""\t2   CoreFoundation                      0x22ed63e5 <redacted> + 0"", ""\t3   ??????                              0x4d0c51 _ZN12CAX4CCStringC2El + 801188"", ""\t4   libsystem_platform.dylib            0x30db5873 _sigtramp + 34"", ""\t5   ??????                              0x3de075 ?????? + 4038773"", ""\t6   libdispatch.dylib                   0x30c557bb <redacted> + 10"", ""\t7   libdispatch.dylib                   0x30c557a7 <redacted> + 22"", ""\t8   libdispatch.dylib                   0x30c58fa3 _dispatch_main_queue_callback_4CF + 718"", ""\t9   CoreFoundation                      0x22e9c3b1 <redacted> + 8"", ""\t10  CoreFoundation                      0x22e9aab1 <redacted> + 1512"", ""\t11  CoreFoundation                      0x22de83c1 CFRunLoopRunSpecific + 476"", ""\t12  CoreFoundation                      0x22de81d3 CFRunLoopRunInMode + 106"", ""\t13  GraphicsServices                    0x2a1a00a9 GSEventRunModal + 136"", ""\t14  UIKit                               0x263f67b1 UIApplicationMain + 1440"", ""\t15  ??????                              0xcc4b ?????? + 35915"", ""\t16  ??????                              0x88a8 ?????? + 18600"", "")"", """", ""dSYM UUID: 94A00A53-3EE0-39AA-B98E-9113A3557DE7"", ""CPU Type: armv7"", ""Slide Address: 0x00004000"", ""Binary Image: ??"", ""Base Address: 0x0003a000""]",0x4d0c51,0x3de075,0xcc4b,0x88a8
Application received signal SIGSEGV,5.0.2,546,2015-03-25 10:00:29,94A00A53-3EE0-39AA-B98E-9113A3557DE7,armv7,"[""Application received signal SIGSEGV"", ""(null)"", ""("", ""\t0   CoreFoundation                      0x27c574b7 <redacted> + 150"", ""\t1   libobjc.A.dylib                     0x3546ec8b objc_exception_throw + 38"", ""\t2   CoreFoundation                      0x27c573e5 <redacted> + 0"", ""\t3   ??????                              0x4d0c51 _ZN12CAX4CCStringC2El + 801188"", ""\t4   libsystem_platform.dylib            0x35b2e873 _sigtramp + 34"", ""\t5   libicucore.A.dylib                  0x34fe44e1 _ZN3icu12RegexMatcher4findEv + 832"", ""\t6   libicucore.A.dylib                  0x34fe44e1 _ZN3icu12RegexMatcher4findEv + 832"", ""\t7   libicucore.A.dylib                  0x3501848b uregex_findNext + 46"", ""\t8   Foundation                          0x288f3759 <redacted> + 808"", ""\t9   Foundation                          0x288f33d9 <redacted> + 212"", ""\t10  ??????                              0x333ca3 ?????? + 3341475"", ""\t11  ??????                              0x333e8b ?????? + 3341963"", ""\t12  ??????                              0x3346af ?????? + 3344047"", ""\t13  ??????                              0x341eb9 ?????? + 3399353"", ""\t14  ??????                              0x354a79 ?????? + 3476089"", ""\t15  ??????                              0x348ed3 ?????? + 3428051"", ""\t16  CFNetwork                           0x277b0f81 <redacted> + 56"", ""\t17  CFNetwork                           0x277b0f3b <redacted> + 182"", ""\t18  CFNetwork                           0x277b105d <redacted> + 36"", ""\t19  CFNetwork                           0x2779ecd1 <redacted> + 84"", ""\t20  CFNetwork                           0x27763f4f <redacted> + 86"", ""\t21  CFNetwork                           0x27762889 <redacted> + 60"", ""\t22  CFNetwork                           0x276b6f4d <redacted> + 60"", ""\t23  CoreFoundation                      0x27b68e2d CFArrayApplyFunction + 36"", ""\t24  CFNetwork                           0x276b6e07 <redacted> + 182"", ""\t25  CFNetwork                           0x276b6ccd <redacted> + 216"", ""\t26  CFNetwork                           0x276b6b61 <redacted> + 48"", ""\t27  CoreFoundation                      0x27c1dd57 <redacted> + 14"", ""\t28  CoreFoundation                      0x27c1d167 <redacted> + 218"", ""\t29  CoreFoundation                      0x27c1b7cd <redacted> + 772"", ""\t30  CoreFoundation                      0x27b693c1 CFRunLoopRunSpecific + 476"", ""\t31  CoreFoundation                      0x27b691d3 CFRunLoopRunInMode + 106"", ""\t32  Foundation                          0x288a2bfd <redacted> + 264"", ""\t33  Foundation                          0x288f10bd <redacted> + 80"", ""\t34  ??????                              0x447cc9 _ZN12CAX4CCStringC2El + 240156"", ""\t35  Foundation                          0x28967b5b <redacted> + 1118"", ""\t36  libsystem_pthread.dylib             0x35b31e93 <redacted> + 138"", ""\t37  libsystem_pthread.dylib             0x35b31e07 _pthread_start + 118"", ""\t38  libsystem_pthread.dylib             0x35b2fb90 thread_start + 8"", "")"", """", ""dSYM UUID: 94A00A53-3EE0-39AA-B98E-9113A3557DE7"", ""CPU Type: armv7"", ""Slide Address: 0x00004000"", ""Binary Image: ??"", ""Base Address: 0x0006c000""]",0x4d0c51,0x333ca3,0x333e8b,0x3346af,0x341eb9,0x354a79,0x348ed3,0x447cc9
Application received signal SIGABRT,5.0.2,525,2015-03-25 09:50:20,94A00A53-3EE0-39AA-B98E-9113A3557DE7,armv7,"[""Application received signal SIGABRT"", ""(null)"", ""("", ""\t0   CoreFoundation                      0x2c9064b7 <redacted> + 150"", ""\t1   libobjc.A.dylib                     0x3a11dc8b objc_exception_throw + 38"", ""\t2   CoreFoundation                      0x2c9063e5 <redacted> + 0"", ""\t3   ??????                              0x4d0c51 _ZN12CAX4CCStringC2El + 801188"", ""\t4   libsystem_platform.dylib            0x3a7dd873 _sigtramp + 34"", ""\t5   libsystem_pthread.dylib             0x3a7e1d37 pthread_kill + 62"", ""\t6   libsystem_c.dylib                   0x3a703909 abort + 76"", ""\t7   libsystem_malloc.dylib              0x3a7943af <redacted> + 334"", ""\t8   libsystem_malloc.dylib              0x3a79469f <redacted> + 66"", ""\t9   libsystem_malloc.dylib              0x3a78f499 <redacted> + 700"", ""\t10  libsystem_malloc.dylib              0x3a78f1b1 malloc_zone_realloc + 92"", ""\t11  libsystem_malloc.dylib              0x3a78f0eb realloc + 266"", ""\t12  libicucore.A.dylib                  0x39c25671 _ZN3icu9UVector6414expandCapacityEiR10UErrorCode + 92"", ""\t13  libicucore.A.dylib                  0x39c9731f _ZN3icu12RegexMatcher7MatchAtExaR10UErrorCode + 622"", ""\t14  libicucore.A.dylib                  0x39c964e1 _ZN3icu12RegexMatcher4findEv + 832"", ""\t15  libicucore.A.dylib                  0x39cca48b uregex_findNext + 46"", ""\t16  Foundation                          0x2d5a26f9 <redacted> + 808"", ""\t17  Foundation                          0x2d5a2379 <redacted> + 212"", ""\t18  ??????                              0x333ca3 ?????? + 3341475"", ""\t19  ??????                              0x333e8b ?????? + 3341963"", ""\t20  ??????                              0x3346af ?????? + 3344047"", ""\t21  ??????                              0x341eb9 ?????? + 3399353"", ""\t22  ??????                              0x354a79 ?????? + 3476089"", ""\t23  ??????                              0x348ed3 ?????? + 3428051"", ""\t24  ??????                              0x4493ad _ZN12CAX4CCStringC2El + 246016"", ""\t25  Foundation                          0x2d616d0f <redacted> + 386"", ""\t26  CoreFoundation                      0x2c8ccd57 <redacted> + 14"", ""\t27  CoreFoundation                      0x2c8cc167 <redacted> + 218"", ""\t28  CoreFoundation                      0x2c8ca7cd <redacted> + 772"", ""\t29  CoreFoundation                      0x2c8183c1 CFRunLoopRunSpecific + 476"", ""\t30  CoreFoundation                      0x2c8181d3 CFRunLoopRunInMode + 106"", ""\t31  Foundation                          0x2d551b9d <redacted> + 264"", ""\t32  Foundation                          0x2d5a005d <redacted> + 80"", ""\t33  ??????                              0x447cc9 _ZN12CAX4CCStringC2El + 240156"", ""\t34  Foundation                          0x2d616afb <redacted> + 1118"", ""\t35  libsystem_pthread.dylib             0x3a7e0e93 <redacted> + 138"", ""\t36  libsystem_pthread.dylib             0x3a7e0e07 _pthread_start + 118"", ""\t37  libsystem_pthread.dylib             0x3a7deb90 thread_start + 8"", "")"", """", ""dSYM UUID: 94A00A53-3EE0-39AA-B98E-9113A3557DE7"", ""CPU Type: armv7"", ""Slide Address: 0x00004000"", ""Binary Image: ??"", ""Base Address: 0x0005d000""]",0x4d0c51,0x333ca3,0x333e8b,0x3346af,0x341eb9,0x354a79,0x348ed3,0x4493ad,0x447cc9
Application received signal SIGABRT,5.0.2,524,2015-03-25 07:38:35,94A00A53-3EE0-39AA-B98E-9113A3557DE7,armv7,"[""Application received signal SIGABRT"", ""(null)"", ""("", ""\t0   CoreFoundation                      0x30ad2f9b <redacted> + 154"", ""\t1   libobjc.A.dylib                     0x3b34dccf objc_exception_throw + 38"", ""\t2   CoreFoundation                      0x30ad2ec5 <redacted> + 0"", ""\t3   ??????                              0x4d0c51 _ZN12CAX4CCStringC2El + 801188"", ""\t4   libsystem_platform.dylib            0x3b974f8b _sigtramp + 34"", ""\t5   libsystem_pthread.dylib             0x3b97a797 pthread_kill + 58"", ""\t6   libsystem_c.dylib                   0x3b8c0fdd abort + 76"", ""\t7   libsystem_malloc.dylib              0x3b93f6f9 <redacted> + 0"", ""\t8   libsystem_malloc.dylib              0x3b93f957 <redacted> + 66"", ""\t9   CFNetwork                           0x306c88f9 <redacted> + 72"", ""\t10  CFNetwork                           0x306c888d <redacted> + 12"", ""\t11  Foundation                          0x31465ead <redacted> + 36"", ""\t12  ??????                              0x3348c3 ?????? + 3344579"", ""\t13  ??????                              0x35496f ?????? + 3475823"", ""\t14  ??????                              0x348ed3 ?????? + 3428051"", ""\t15  ??????                              0x4493ad _ZN12CAX4CCStringC2El + 246016"", ""\t16  Foundation                          0x314bcc73 <redacted> + 386"", ""\t17  CoreFoundation                      0x30a9e20b <redacted> + 14"", ""\t18  CoreFoundation                      0x30a9d6db <redacted> + 206"", ""\t19  CoreFoundation                      0x30a9becf <redacted> + 622"", ""\t20  CoreFoundation                      0x30a06ebf CFRunLoopRunSpecific + 522"", ""\t21  CoreFoundation                      0x30a06ca3 CFRunLoopRunInMode + 106"", ""\t22  Foundation                          0x313fa1eb <redacted> + 254"", ""\t23  Foundation                          0x3144b0a1 <redacted> + 80"", ""\t24  ??????                              0x447cc9 _ZN12CAX4CCStringC2El + 240156"", ""\t25  Foundation                          0x314bca5f <redacted> + 1062"", ""\t26  libsystem_pthread.dylib             0x3b979919 <redacted> + 140"", ""\t27  libsystem_pthread.dylib             0x3b97988b _pthread_start + 102"", ""\t28  libsystem_pthread.dylib             0x3b977aa4 thread_start + 8"", "")"", """", ""dSYM UUID: 94A00A53-3EE0-39AA-B98E-9113A3557DE7"", ""CPU Type: armv7"", ""Slide Address: 0x00004000"", ""Binary Image: ??"", ""Base Address: 0x000db000""]",0x4d0c51,0x3348c3,0x35496f,0x348ed3,0x4493ad,0x447cc9
Application received signal SIGSEGV,5.0.2,490,2015-03-25 10:02:30,94A00A53-3EE0-39AA-B98E-9113A3557DE7,armv7,"[""Application received signal SIGSEGV"", ""(null)"", ""("", ""\t0   CoreFoundation                      0x2915d4b7 <redacted> + 150"", ""\t1   libobjc.A.dylib                     0x36978c8b objc_exception_throw + 38"", ""\t2   CoreFoundation                      0x2915d3e5 <redacted> + 0"", ""\t3   ??????                              0x4d0c51 _ZN12CAX4CCStringC2El + 801188"", ""\t4   libsystem_platform.dylib            0x37038873 _sigtramp + 34"", ""\t5   ???                                 0x-76000 0x0 + 0"", ""\t6   libicucore.A.dylib                  0x3652548b uregex_findNext + 46"", ""\t7   Foundation                          0x29df9759 <redacted> + 808"", ""\t8   Foundation                          0x29df93d9 <redacted> + 212"", ""\t9   ??????                              0x333ca3 ?????? + 3341475"", ""\t10  ??????                              0x333e8b ?????? + 3341963"", ""\t11  ??????                              0x3346af ?????? + 3344047"", ""\t12  ??????                              0x341eb9 ?????? + 3399353"", ""\t13  ??????                              0x354a79 ?????? + 3476089"", ""\t14  ??????                              0x348ed3 ?????? + 3428051"", ""\t15  CFNetwork                           0x28cb6f81 <redacted> + 56"", ""\t16  CFNetwork                           0x28cb6f3b <redacted> + 182"", ""\t17  CFNetwork                           0x28cb705d <redacted> + 36"", ""\t18  CFNetwork                           0x28ca4cd1 <redacted> + 84"", ""\t19  CFNetwork                           0x28c69f4f <redacted> + 86"", ""\t20  CFNetwork                           0x28c68889 <redacted> + 60"", ""\t21  CFNetwork                           0x28bbcf4d <redacted> + 60"", ""\t22  CoreFoundation                      0x2906ee2d CFArrayApplyFunction + 36"", ""\t23  CFNetwork                           0x28bbce07 <redacted> + 182"", ""\t24  CFNetwork                           0x28bbcccd <redacted> + 216"", ""\t25  CFNetwork                           0x28bbcb61 <redacted> + 48"", ""\t26  CoreFoundation                      0x29123d57 <redacted> + 14"", ""\t27  CoreFoundation                      0x29123167 <redacted> + 218"", ""\t28  CoreFoundation                      0x291217cd <redacted> + 772"", ""\t29  CoreFoundation                      0x2906f3c1 CFRunLoopRunSpecific + 476"", ""\t30  CoreFoundation                      0x2906f1d3 CFRunLoopRunInMode + 106"", ""\t31  Foundation                          0x29da8bfd <redacted> + 264"", ""\t32  Foundation                          0x29df70bd <redacted> + 80"", ""\t33  ??????                              0x447cc9 _ZN12CAX4CCStringC2El + 240156"", ""\t34  Foundation                          0x29e6db5b <redacted> + 1118"", ""\t35  libsystem_pthread.dylib             0x3703be93 <redacted> + 138"", ""\t36  libsystem_pthread.dylib             0x3703be07 _pthread_start + 118"", ""\t37  libsystem_pthread.dylib             0x37039b90 thread_start + 8"", "")"", """", ""dSYM UUID: 94A00A53-3EE0-39AA-B98E-9113A3557DE7"", ""CPU Type: armv7"", ""Slide Address: 0x00004000"", ""Binary Image: ??"", ""Base Address: 0x0007a000""]",0x4d0c51,0x-76000,0x333ca3,0x333e8b,0x3346af,0x341eb9,0x354a79,0x348ed3,0x447cc9
Application received signal SIGSEGV,5.0.2,427,2015-03-25 10:02:30,94A00A53-3EE0-39AA-B98E-9113A3557DE7,armv7,"[""Application received signal SIGSEGV"", ""(null)"", ""("", ""\t0   CoreFoundation                      0x290204b7 <redacted> + 150"", ""\t1   libobjc.A.dylib                     0x36837c8b objc_exception_throw + 38"", ""\t2   CoreFoundation                      0x290203e5 <redacted> + 0"", ""\t3   ??????                              0x4d0c51 _ZN12CAX4CCStringC2El + 801188"", ""\t4   libsystem_platform.dylib            0x36ef7873 _sigtramp + 34"", ""\t5   Foundation                          0x29cd2bbf <redacted> + 38"", ""\t6   libobjc.A.dylib                     0x36851d5f <redacted> + 166"", ""\t7   libobjc.A.dylib                     0x368521a9 <redacted> + 404"", ""\t8   ??????                              0x333253 ?????? + 3338835"", ""\t9   libdispatch.dylib                   0x36d977bb <redacted> + 10"", ""\t10  libdispatch.dylib                   0x36d9f5b1 <redacted> + 952"", ""\t11  libdispatch.dylib                   0x36d99f85 <redacted> + 84"", ""\t12  libdispatch.dylib                   0x36da0b9b <redacted> + 338"", ""\t13  libdispatch.dylib                   0x36da1cd7 <redacted> + 94"", ""\t14  libsystem_pthread.dylib             0x36ef8e31 _pthread_wqthread + 668"", ""\t15  libsystem_pthread.dylib             0x36ef8b84 start_wqthread + 8"", "")"", """", ""dSYM UUID: 94A00A53-3EE0-39AA-B98E-9113A3557DE7"", ""CPU Type: armv7"", ""Slide Address: 0x00004000"", ""Binary Image: ??"", ""Base Address: 0x0005c000""]",0x4d0c51,0x333253
Application received signal SIGSEGV,5.0.2,419,2015-03-25 10:02:30,94A00A53-3EE0-39AA-B98E-9113A3557DE7,armv7,"[""Application received signal SIGSEGV"", ""(null)"", ""("", ""\t0   CoreFoundation                      0x294a1477 <redacted> + 150"", ""\t1   libobjc.A.dylib                     0x373a4c8b objc_exception_throw + 38"", ""\t2   CoreFoundation                      0x294a13a5 <redacted> + 0"", ""\t3   ??????                              0x4d0c51 _ZN12CAX4CCStringC2El + 801188"", ""\t4   libsystem_platform.dylib            0x37a74873 _sigtramp + 34"", ""\t5   libicucore.A.dylib                  0x36e9e52b utext_openUChars + 110"", ""\t6   Foundation                          0x2a1624cd <redacted> + 1436"", ""\t7   Foundation                          0x2a161ed9 <redacted> + 212"", ""\t8   ??????                              0x333ca3 ?????? + 3341475"", ""\t9   ??????                              0x333e8b ?????? + 3341963"", ""\t10  ??????                              0x3346af ?????? + 3344047"", ""\t11  ??????                              0x341eb9 ?????? + 3399353"", ""\t12  ??????                              0x354a79 ?????? + 3476089"", ""\t13  ??????                              0x348ed3 ?????? + 3428051"", ""\t14  CFNetwork                           0x28ffaa6d <redacted> + 56"", ""\t15  CFNetwork                           0x28ffaa27 <redacted> + 182"", ""\t16  CFNetwork                           0x28ffab49 <redacted> + 36"", ""\t17  CFNetwork                           0x28fe8739 <redacted> + 84"", ""\t18  CFNetwork                           0x28fad6bf <redacted> + 86"", ""\t19  CFNetwork                           0x28fabff9 <redacted> + 60"", ""\t20  CFNetwork                           0x28effd8d <redacted> + 60"", ""\t21  CoreFoundation                      0x293b2e1d CFArrayApplyFunction + 36"", ""\t22  CFNetwork                           0x28effc47 <redacted> + 182"", ""\t23  CFNetwork                           0x28effb0d <redacted> + 216"", ""\t24  CFNetwork                           0x28eff9a1 <redacted> + 48"", ""\t25  CoreFoundation                      0x29467fbf <redacted> + 14"", ""\t26  CoreFoundation                      0x294673cf <redacted> + 218"", ""\t27  CoreFoundation                      0x29465a35 <redacted> + 772"", ""\t28  CoreFoundation                      0x293b33b1 CFRunLoopRunSpecific + 476"", ""\t29  CoreFoundation                      0x293b31c3 CFRunLoopRunInMode + 106"", ""\t30  Foundation                          0x2a1118bd <redacted> + 264"", ""\t31  Foundation                          0x2a15fbbd <redacted> + 80"", ""\t32  ??????                              0x447cc9 _ZN12CAX4CCStringC2El + 240156"", ""\t33  Foundation                          0x2a1d668b <redacted> + 1118"", ""\t34  libsystem_pthread.dylib             0x37a77e23 <redacted> + 138"", ""\t35  libsystem_pthread.dylib             0x37a77d97 _pthread_start + 118"", ""\t36  libsystem_pthread.dylib             0x37a75b20 thread_start + 8"", "")"", """", ""dSYM UUID: 94A00A53-3EE0-39AA-B98E-9113A3557DE7"", ""CPU Type: armv7"", ""Slide Address: 0x00004000"", ""Binary Image: ??"", ""Base Address: 0x000c9000""]",0x4d0c51,0x333ca3,0x333e8b,0x3346af,0x341eb9,0x354a79,0x348ed3,0x447cc9
Application received signal SIGABRT,5.0.2,408,2015-03-25 10:00:29,94A00A53-3EE0-39AA-B98E-9113A3557DE7,armv7,"[""Application received signal SIGABRT"", ""(null)"", ""("", ""\t0   CoreFoundation                      0x21c1ee57 <redacted> + 150"", ""\t1   libobjc.A.dylib                     0x2f33dc8b objc_exception_throw + 38"", ""\t2   CoreFoundation                      0x21c1ed85 <redacted> + 0"", ""\t3   ??????                              0x4d0c51 _ZN12CAX4CCStringC2El + 801188"", ""\t4   libsystem_platform.dylib            0x2f9fd873 _sigtramp + 34"", ""\t5   libsystem_pthread.dylib             0x2fa01d37 pthread_kill + 62"", ""\t6   libsystem_c.dylib                   0x2f923909 abort + 76"", ""\t7   libsystem_malloc.dylib              0x2f9ad331 <redacted> + 0"", ""\t8   libicucore.A.dylib                  0x2ee4666f _ZN3icu9UVector64D0Ev + 26"", ""\t9   libicucore.A.dylib                  0x2eeb68c5 _ZN3icu12RegexMatcherD2Ev + 32"", ""\t10  libicucore.A.dylib                  0x2eeb692d _ZN3icu12RegexMatcherD0Ev + 8"", ""\t11  libicucore.A.dylib                  0x2eeead0d uplrules_select + 116"", ""\t12  libicucore.A.dylib                  0x2eeeb0b5 uregex_close + 24"", ""\t13  Foundation                          0x228ccbeb <redacted> + 58"", ""\t14  libobjc.A.dylib                     0x2f357d5f <redacted> + 166"", ""\t15  ??????                              0x333c73 ?????? + 3341427"", ""\t16  ??????                              0x333e8b ?????? + 3341963"", ""\t17  ??????                              0x3346af ?????? + 3344047"", ""\t18  ??????                              0x341eb9 ?????? + 3399353"", ""\t19  ??????                              0x354a79 ?????? + 3476089"", ""\t20  ??????                              0x348ed3 ?????? + 3428051"", ""\t21  ??????                              0x4493ad _ZN12CAX4CCStringC2El + 246016"", ""\t22  Foundation                          0x2292e59f <redacted> + 386"", ""\t23  CoreFoundation                      0x21be558f <redacted> + 14"", ""\t24  CoreFoundation                      0x21be499f <redacted> + 218"", ""\t25  CoreFoundation                      0x21be3005 <redacted> + 772"", ""\t26  CoreFoundation                      0x21b31621 CFRunLoopRunSpecific + 476"", ""\t27  CoreFoundation                      0x21b31433 CFRunLoopRunInMode + 106"", ""\t28  Foundation                          0x2286942d <redacted> + 264"", ""\t29  Foundation                          0x228b78ed <redacted> + 80"", ""\t30  ??????                              0x447cc9 _ZN12CAX4CCStringC2El + 240156"", ""\t31  Foundation                          0x2292e38b <redacted> + 1118"", ""\t32  libsystem_pthread.dylib             0x2fa00e93 <redacted> + 138"", ""\t33  libsystem_pthread.dylib             0x2fa00e07 _pthread_start + 118"", ""\t34  libsystem_pthread.dylib             0x2f9feb90 thread_start + 8"", "")"", """", ""dSYM UUID: 94A00A53-3EE0-39AA-B98E-9113A3557DE7"", ""CPU Type: armv7"", ""Slide Address: 0x00004000"", ""Binary Image: ??"", ""Base Address: 0x00051000""]",0x4d0c51,0x333c73,0x333e8b,0x3346af,0x341eb9,0x354a79,0x348ed3,0x4493ad,0x447cc9
Application received signal SIGSEGV,5.0.2,385,2015-03-25 10:00:29,94A00A53-3EE0-39AA-B98E-9113A3557DE7,armv7,"[""Application received signal SIGSEGV"", ""(null)"", ""("", ""\t0   CoreFoundation                      0x2366c477 <redacted> + 150"", ""\t1   libobjc.A.dylib                     0x3152fc8b objc_exception_throw + 38"", ""\t2   CoreFoundation                      0x2366c3a5 <redacted> + 0"", ""\t3   ??????                              0x4d0c51 _ZN12CAX4CCStringC2El + 801188"", ""\t4   libsystem_platform.dylib            0x31bff873 _sigtramp + 34"", ""\t5   Foundation                          0x242d8da9 <redacted> + 80"", ""\t6   Foundation                          0x242e1c03 <redacted> + 102"", ""\t7   ??????                              0x36412b ?????? + 3539243"", ""\t8   ??????                              0x364465 ?????? + 3540069"", ""\t9   UIKit                               0x26e3140d <redacted> + 64"", ""\t10  UIKit                               0x26ba354d <redacted> + 632"", ""\t11  UIKit                               0x26d24dd9 <redacted> + 272"", ""\t12  UIKit                               0x26d24cc1 <redacted> + 52"", ""\t13  QuartzCore                          0x265fa623 <redacted> + 98"", ""\t14  QuartzCore                          0x265fa48b <redacted> + 366"", ""\t15  IOMobileFramebuffer                 0x2b14582b <redacted> + 90"", ""\t16  IOKit                               0x245d8071 IODispatchCalloutFromCFMessage + 256"", ""\t17  CoreFoundation                      0x23622275 <redacted> + 132"", ""\t18  CoreFoundation                      0x236327db <redacted> + 34"", ""\t19  CoreFoundation                      0x23632777 <redacted> + 346"", ""\t20  CoreFoundation                      0x23630d79 <redacted> + 1608"", ""\t21  CoreFoundation                      0x2357e3b1 CFRunLoopRunSpecific + 476"", ""\t22  CoreFoundation                      0x2357e1c3 CFRunLoopRunInMode + 106"", ""\t23  GraphicsServices                    0x2ab6b201 GSEventRunModal + 136"", ""\t24  UIKit                               0x26be843d UIApplicationMain + 1440"", ""\t25  ??????                              0xcc4b ?????? + 35915"", ""\t26  ??????                              0x88a8 ?????? + 18600"", "")"", """", ""dSYM UUID: 94A00A53-3EE0-39AA-B98E-9113A3557DE7"", ""CPU Type: armv7"", ""Slide Address: 0x00004000"", ""Binary Image: ??"", ""Base Address: 0x0008e000""]",0x4d0c51,0x36412b,0x364465,0xcc4b,0x88a8
Application received signal SIGSEGV,5.0.2,385,2015-03-25 09:40:12,94A00A53-3EE0-39AA-B98E-9113A3557DE7,armv7,"[""Application received signal SIGSEGV"", ""(null)"", ""("", ""\t0   CoreFoundation                      0x28184477 <redacted> + 150"", ""\t1   libobjc.A.dylib                     0x36087c8b objc_exception_throw + 38"", ""\t2   CoreFoundation                      0x281843a5 <redacted> + 0"", ""\t3   ??????                              0x4d0c51 _ZN12CAX4CCStringC2El + 801188"", ""\t4   libsystem_platform.dylib            0x36757873 _sigtramp + 34"", ""\t5   Foundation                          0x28e4540f <redacted> + 1246"", ""\t6   Foundation                          0x28e4540f <redacted> + 1246"", ""\t7   Foundation                          0x28e44ed9 <redacted> + 212"", ""\t8   ??????                              0x333ca3 ?????? + 3341475"", ""\t9   ??????                              0x333e8b ?????? + 3341963"", ""\t10  ??????                              0x3346af ?????? + 3344047"", ""\t11  ??????                              0x341eb9 ?????? + 3399353"", ""\t12  ??????                              0x354a79 ?????? + 3476089"", ""\t13  ??????                              0x348ed3 ?????? + 3428051"", ""\t14  ??????                              0x4493ad _ZN12CAX4CCStringC2El + 246016"", ""\t15  Foundation                          0x28eb989f <redacted> + 386"", ""\t16  CoreFoundation                      0x2814afbf <redacted> + 14"", ""\t17  CoreFoundation                      0x2814a3cf <redacted> + 218"", ""\t18  CoreFoundation                      0x28148a35 <redacted> + 772"", ""\t19  CoreFoundation                      0x280963b1 CFRunLoopRunSpecific + 476"", ""\t20  CoreFoundation                      0x280961c3 CFRunLoopRunInMode + 106"", ""\t21  Foundation                          0x28df48bd <redacted> + 264"", ""\t22  Foundation                          0x28e42bbd <redacted> + 80"", ""\t23  ??????                              0x447cc9 _ZN12CAX4CCStringC2El + 240156"", ""\t24  Foundation                          0x28eb968b <redacted> + 1118"", ""\t25  libsystem_pthread.dylib             0x3675ae23 <redacted> + 138"", ""\t26  libsystem_pthread.dylib             0x3675ad97 _pthread_start + 118"", ""\t27  libsystem_pthread.dylib             0x36758b20 thread_start + 8"", "")"", """", ""dSYM UUID: 94A00A53-3EE0-39AA-B98E-9113A3557DE7"", ""CPU Type: armv7"", ""Slide Address: 0x00004000"", ""Binary Image: ??"", ""Base Address: 0x000fd000""]",0x4d0c51,0x333ca3,0x333e8b,0x3346af,0x341eb9,0x354a79,0x348ed3,0x4493ad,0x447cc9
Application received signal SIGSEGV,5.0.2,381,2015-03-25 09:38:10,94A00A53-3EE0-39AA-B98E-9113A3557DE7,armv7,"[""Application received signal SIGSEGV"", ""(null)"", ""("", ""\t0   CoreFoundation                      0x24195477 <redacted> + 150"", ""\t1   libobjc.A.dylib                     0x32098c8b objc_exception_throw + 38"", ""\t2   CoreFoundation                      0x241953a5 <redacted> + 0"", ""\t3   ??????                              0x4d0c51 _ZN12CAX4CCStringC2El + 801188"", ""\t4   libsystem_platform.dylib            0x32768873 _sigtramp + 34"", ""\t5   ??????                              0x3de075 ?????? + 4038773"", ""\t6   libdispatch.dylib                   0x326032e3 <redacted> + 10"", ""\t7   libdispatch.dylib                   0x326032cf <redacted> + 22"", ""\t8   libdispatch.dylib                   0x32606d2f _dispatch_main_queue_callback_4CF + 1330"", ""\t9   CoreFoundation                      0x2415b619 <redacted> + 8"", ""\t10  CoreFoundation                      0x24159d19 <redacted> + 1512"", ""\t11  CoreFoundation                      0x240a73b1 CFRunLoopRunSpecific + 476"", ""\t12  CoreFoundation                      0x240a71c3 CFRunLoopRunInMode + 106"", ""\t13  GraphicsServices                    0x2b68e201 GSEventRunModal + 136"", ""\t14  UIKit                               0x2771143d UIApplicationMain + 1440"", ""\t15  ??????                              0xcc4b ?????? + 35915"", ""\t16  ??????                              0x88a8 ?????? + 18600"", "")"", """", ""dSYM UUID: 94A00A53-3EE0-39AA-B98E-9113A3557DE7"", ""CPU Type: armv7"", ""Slide Address: 0x00004000"", ""Binary Image: ??"", ""Base Address: 0x000bc000""]",0x4d0c51,0x3de075,0xcc4b,0x88a8
Application received signal SIGSEGV,5.0.2,379,2015-03-25 09:56:24,94A00A53-3EE0-39AA-B98E-9113A3557DE7,armv7,"[""Application received signal SIGSEGV"", ""(null)"", ""("", ""\t0   CoreFoundation                      0x26ec1477 <redacted> + 150"", ""\t1   libobjc.A.dylib                     0x34d84c8b objc_exception_throw + 38"", ""\t2   CoreFoundation                      0x26ec13a5 <redacted> + 0"", ""\t3   ??????                              0x4d0c51 _ZN12CAX4CCStringC2El + 801188"", ""\t4   libsystem_platform.dylib            0x35454873 _sigtramp + 34"", ""\t5   Foundation                          0x27b97d73 <redacted> + 146"", ""\t6   Foundation                          0x27b823a9 <redacted> + 1144"", ""\t7   Foundation                          0x27b81ed9 <redacted> + 212"", ""\t8   ??????                              0x333ca3 ?????? + 3341475"", ""\t9   ??????                              0x333e8b ?????? + 3341963"", ""\t10  ??????                              0x3346af ?????? + 3344047"", ""\t11  ??????                              0x341eb9 ?????? + 3399353"", ""\t12  ??????                              0x354a79 ?????? + 3476089"", ""\t13  ??????                              0x348ed3 ?????? + 3428051"", ""\t14  ??????                              0x4493ad _ZN12CAX4CCStringC2El + 246016"", ""\t15  Foundation                          0x27bf689f <redacted> + 386"", ""\t16  CoreFoundation                      0x26e87fbf <redacted> + 14"", ""\t17  CoreFoundation                      0x26e873cf <redacted> + 218"", ""\t18  CoreFoundation                      0x26e85a35 <redacted> + 772"", ""\t19  CoreFoundation                      0x26dd33b1 CFRunLoopRunSpecific + 476"", ""\t20  CoreFoundation                      0x26dd31c3 CFRunLoopRunInMode + 106"", ""\t21  Foundation                          0x27b318bd <redacted> + 264"", ""\t22  Foundation                          0x27b7fbbd <redacted> + 80"", ""\t23  ??????                              0x447cc9 _ZN12CAX4CCStringC2El + 240156"", ""\t24  Foundation                          0x27bf668b <redacted> + 1118"", ""\t25  libsystem_pthread.dylib             0x35457e23 <redacted> + 138"", ""\t26  libsystem_pthread.dylib             0x35457d97 _pthread_start + 118"", ""\t27  libsystem_pthread.dylib             0x35455b20 thread_start + 8"", "")"", """", ""dSYM UUID: 94A00A53-3EE0-39AA-B98E-9113A3557DE7"", ""CPU Type: armv7"", ""Slide Address: 0x00004000"", ""Binary Image: ??"", ""Base Address: 0x00039000""]",0x4d0c51,0x333ca3,0x333e8b,0x3346af,0x341eb9,0x354a79,0x348ed3,0x4493ad,0x447cc9
Application received signal SIGSEGV,5.0.2,376,2015-03-25 09:58:25,94A00A53-3EE0-39AA-B98E-9113A3557DE7,armv7,"[""Application received signal SIGSEGV"", ""(null)"", ""("", ""\t0   CoreFoundation                      0x2e79af23 <redacted> + 154"", ""\t1   libobjc.A.dylib                     0x38f31ce7 objc_exception_throw + 38"", ""\t2   CoreFoundation                      0x2e79ae4d <redacted> + 0"", ""\t3   ??????                              0x4d0c51 _ZN12CAX4CCStringC2El + 801188"", ""\t4   libsystem_platform.dylib            0x3954971b _sigtramp + 34"", ""\t5   UIKit                               0x311e968f <redacted> + 142"", ""\t6   CoreFoundation                      0x2e79cfd5 <redacted> + 352"", ""\t7   CoreFoundation                      0x2e6ec098 _CF_forwarding_prep_0 + 24"", ""\t8   UIKit                               0x3111811d <redacted> + 136"", ""\t9   UIKit                               0x30fc9d37 <redacted> + 1358"", ""\t10  UIKit                               0x30feb24f <redacted> + 50"", ""\t11  UIKit                               0x30fc9aa5 <redacted> + 700"", ""\t12  UIKit                               0x30fc9aa5 <redacted> + 700"", ""\t13  UIKit                               0x30feb24f <redacted> + 50"", ""\t14  UIKit                               0x30fc9aa5 <redacted> + 700"", ""\t15  UIKit                               0x30fc9aa5 <redacted> + 700"", ""\t16  UIKit                               0x30fc9aa5 <redacted> + 700"", ""\t17  UIKit                               0x30fc940d <redacted> + 112"", ""\t18  UIKit                               0x30fc9263 <redacted> + 250"", ""\t19  UIKit                               0x31261a27 <redacted> + 218"", ""\t20  UIKit                               0x30fc8187 <redacted> + 270"", ""\t21  UIKit                               0x3108fd6d <redacted> + 92"", ""\t22  UIKit                               0x310023d7 <redacted> + 178"", ""\t23  UIKit                               0x31000a07 <redacted> + 318"", ""\t24  UIKit                               0x310818ff <redacted> + 1758"", ""\t25  UIKit                               0x3108121b <redacted> + 26"", ""\t26  UIKit                               0x310790a3 <redacted> + 2290"", ""\t27  UIKit                               0x31078529 <redacted> + 572"", ""\t28  UIKit                               0x31078299 <redacted> + 44"", ""\t29  UIKit                               0x31078231 <redacted> + 184"", ""\t30  UIKit                               0x30fca305 <redacted> + 380"", ""\t31  QuartzCore                          0x30c4631b <redacted> + 142"", ""\t32  QuartzCore                          0x30c41b3f <redacted> + 350"", ""\t33  QuartzCore                          0x30c419d1 <redacted> + 16"", ""\t34  QuartzCore                          0x30c413e5 <redacted> + 228"", ""\t35  QuartzCore                          0x30c411f7 <redacted> + 314"", ""\t36  UIKit                               0x30fc2a27 <redacted> + 126"", ""\t37  CoreFoundation                      0x2e766039 <redacted> + 20"", ""\t38  CoreFoundation                      0x2e7639c7 <redacted> + 286"", ""\t39  CoreFoundation                      0x2e763d13 <redacted> + 738"", ""\t40  CoreFoundation                      0x2e6ce769 CFRunLoopRunSpecific + 524"", ""\t41  CoreFoundation                      0x2e6ce54b CFRunLoopRunInMode + 106"", ""\t42  GraphicsServices                    0x3363b6d3 GSEventRunModal + 138"", ""\t43  UIKit                               0x3102d891 UIApplicationMain + 1136"", ""\t44  ??????                              0xcc4b ?????? + 35915"", ""\t45  ??????                              0x88a8 ?????? + 18600"", "")"", """", ""dSYM UUID: 94A00A53-3EE0-39AA-B98E-9113A3557DE7"", ""CPU Type: armv7"", ""Slide Address: 0x00004000"", ""Binary Image: ??"", ""Base Address: 0x0007d000""]",0x4d0c51,0xcc4b,0x88a8
Application received signal SIGSEGV,5.0.2,368,2015-03-25 10:02:30,94A00A53-3EE0-39AA-B98E-9113A3557DE7,armv7,"[""Application received signal SIGSEGV"", ""(null)"", ""("", ""\t0   CoreFoundation                      0x24f66477 <redacted> + 150"", ""\t1   libobjc.A.dylib                     0x32e69c8b objc_exception_throw + 38"", ""\t2   CoreFoundation                      0x24f663a5 <redacted> + 0"", ""\t3   ??????                              0x4d0c51 _ZN12CAX4CCStringC2El + 801188"", ""\t4   libsystem_platform.dylib            0x33539873 _sigtramp + 34"", ""\t5   Foundation                          0x25c3d71f <redacted> + 38"", ""\t6   libobjc.A.dylib                     0x32e83d5f <redacted> + 166"", ""\t7   libobjc.A.dylib                     0x32e841a9 <redacted> + 404"", ""\t8   ??????                              0x333253 ?????? + 3338835"", ""\t9   libdispatch.dylib                   0x333d42e3 <redacted> + 10"", ""\t10  libdispatch.dylib                   0x333dc729 <redacted> + 1468"", ""\t11  libdispatch.dylib                   0x333d6aad <redacted> + 84"", ""\t12  libdispatch.dylib                   0x333ddf9f <redacted> + 394"", ""\t13  libdispatch.dylib                   0x333df3c3 <redacted> + 94"", ""\t14  libsystem_pthread.dylib             0x3353adc1 _pthread_wqthread + 668"", ""\t15  libsystem_pthread.dylib             0x3353ab14 start_wqthread + 8"", "")"", """", ""dSYM UUID: 94A00A53-3EE0-39AA-B98E-9113A3557DE7"", ""CPU Type: armv7"", ""Slide Address: 0x00004000"", ""Binary Image: ??"", ""Base Address: 0x00031000""]",0x4d0c51,0x333253
Application received signal SIGABRT,5.0.2,361,2015-03-23 14:02:28,94A00A53-3EE0-39AA-B98E-9113A3557DE7,armv7,"[""Application received signal SIGABRT"", ""(null)"", ""("", ""\t0   CoreFoundation                      0x25c8960f <redacted> + 150"", ""\t1   libobjc.A.dylib                     0x334fbc77 objc_exception_throw + 38"", ""\t2   CoreFoundation                      0x25c8953d <redacted> + 0"", ""\t3   ??????                              0x4d0c51 _ZN12CAX4CCStringC2El + 801188"", ""\t4   libsystem_platform.dylib            0x33bd709b _sigtramp + 34"", ""\t5   libsystem_pthread.dylib             0x33bdcd13 pthread_kill + 62"", ""\t6   libsystem_c.dylib                   0x33afc939 abort + 76"", ""\t7   libsystem_malloc.dylib              0x33b8e39b <redacted> + 334"", ""\t8   libsystem_malloc.dylib              0x33b8e627 <redacted> + 66"", ""\t9   CFNetwork                           0x256dfa3d <redacted> + 72"", ""\t10  CFNetwork                           0x256df9d1 <redacted> + 12"", ""\t11  CFNetwork                           0x257b45c9 <redacted> + 36"", ""\t12  ??????                              0x3348c3 ?????? + 3344579"", ""\t13  ??????                              0x35496f ?????? + 3475823"", ""\t14  ??????                              0x348ed3 ?????? + 3428051"", ""\t15  ??????                              0x4493ad _ZN12CAX4CCStringC2El + 246016"", ""\t16  Foundation                          0x2699cbaf <redacted> + 386"", ""\t17  CoreFoundation                      0x25c4ffd7 <redacted> + 14"", ""\t18  CoreFoundation                      0x25c4f3eb <redacted> + 222"", ""\t19  CoreFoundation                      0x25c4da69 <redacted> + 768"", ""\t20  CoreFoundation                      0x25b9ab31 CFRunLoopRunSpecific + 476"", ""\t21  CoreFoundation                      0x25b9a943 CFRunLoopRunInMode + 106"", ""\t22  Foundation                          0x268d7951 <redacted> + 264"", ""\t23  Foundation                          0x26925dc5 <redacted> + 80"", ""\t24  ??????                              0x447cc9 _ZN12CAX4CCStringC2El + 240156"", ""\t25  Foundation                          0x2699c99b <redacted> + 1118"", ""\t26  libsystem_pthread.dylib             0x33bdbe67 <redacted> + 138"", ""\t27  libsystem_pthread.dylib             0x33bdbddb _pthread_start + 118"", ""\t28  libsystem_pthread.dylib             0x33bd9b84 thread_start + 8"", "")"", """", ""dSYM UUID: 94A00A53-3EE0-39AA-B98E-9113A3557DE7"", ""CPU Type: armv7"", ""Slide Address: 0x00004000"", ""Binary Image: ??"", ""Base Address: 0x0005e000""]",0x4d0c51,0x3348c3,0x35496f,0x348ed3,0x4493ad,0x447cc9
Application received signal SIGABRT,5.0.2,350,2015-03-25 09:56:24,94A00A53-3EE0-39AA-B98E-9113A3557DE7,armv7,"[""Application received signal SIGABRT"", ""(null)"", ""("", ""\t0   CoreFoundation                      0x23a9a477 <redacted> + 150"", ""\t1   libobjc.A.dylib                     0x31970c8b objc_exception_throw + 38"", ""\t2   CoreFoundation                      0x23a9a3a5 <redacted> + 0"", ""\t3   ??????                              0x4d0c51 _ZN12CAX4CCStringC2El + 801188"", ""\t4   libsystem_platform.dylib            0x32040873 _sigtramp + 34"", ""\t5   libsystem_pthread.dylib             0x32044cc7 pthread_kill + 62"", ""\t6   libsystem_c.dylib                   0x31f62909 abort + 76"", ""\t7   libsystem_malloc.dylib              0x31ff73af <redacted> + 334"", ""\t8   libsystem_malloc.dylib              0x31ff769f <redacted> + 66"", ""\t9   libsystem_malloc.dylib              0x31ff2499 <redacted> + 700"", ""\t10  libsystem_malloc.dylib              0x31ff21b1 malloc_zone_realloc + 92"", ""\t11  libsystem_malloc.dylib              0x31ff20eb realloc + 266"", ""\t12  libicucore.A.dylib                  0x31485671 _ZN3icu9UVector6414expandCapacityEiR10UErrorCode + 92"", ""\t13  libicucore.A.dylib                  0x314f731f _ZN3icu12RegexMatcher7MatchAtExaR10UErrorCode + 622"", ""\t14  libicucore.A.dylib                  0x314f64e1 _ZN3icu12RegexMatcher4findEv + 832"", ""\t15  libicucore.A.dylib                  0x3152a48b uregex_findNext + 46"", ""\t16  Foundation                          0x2475b259 <redacted> + 808"", ""\t17  Foundation                          0x2475aed9 <redacted> + 212"", ""\t18  ??????                              0x333ca3 ?????? + 3341475"", ""\t19  ??????                              0x333e8b ?????? + 3341963"", ""\t20  ??????                              0x3346af ?????? + 3344047"", ""\t21  ??????                              0x341eb9 ?????? + 3399353"", ""\t22  ??????                              0x354a79 ?????? + 3476089"", ""\t23  ??????                              0x348ed3 ?????? + 3428051"", ""\t24  CFNetwork                           0x235f3a6d <redacted> + 56"", ""\t25  CFNetwork                           0x235f3a27 <redacted> + 182"", ""\t26  CFNetwork                           0x235f3b49 <redacted> + 36"", ""\t27  CFNetwork                           0x235e1739 <redacted> + 84"", ""\t28  CFNetwork                           0x235a66bf <redacted> + 86"", ""\t29  CFNetwork                           0x235a4ff9 <redacted> + 60"", ""\t30  CFNetwork                           0x234f8d8d <redacted> + 60"", ""\t31  CoreFoundation                      0x239abe1d CFArrayApplyFunction + 36"", ""\t32  CFNetwork                           0x234f8c47 <redacted> + 182"", ""\t33  CFNetwork                           0x234f8b0d <redacted> + 216"", ""\t34  CFNetwork                           0x234f89a1 <redacted> + 48"", ""\t35  CoreFoundation                      0x23a60fbf <redacted> + 14"", ""\t36  CoreFoundation                      0x23a603cf <redacted> + 218"", ""\t37  CoreFoundation                      0x23a5ea35 <redacted> + 772"", ""\t38  CoreFoundation                      0x239ac3b1 CFRunLoopRunSpecific + 476"", ""\t39  CoreFoundation                      0x239ac1c3 CFRunLoopRunInMode + 106"", ""\t40  Foundation                          0x2470a8bd <redacted> + 264"", ""\t41  Foundation                          0x24758bbd <redacted> + 80"", ""\t42  ??????                              0x447cc9 _ZN12CAX4CCStringC2El + 240156"", ""\t43  Foundation                          0x247cf68b <redacted> + 1118"", ""\t44  libsystem_pthread.dylib             0x32043e23 <redacted> + 138"", ""\t45  libsystem_pthread.dylib             0x32043d97 _pthread_start + 118"", ""\t46  libsystem_pthread.dylib             0x32041b20 thread_start + 8"", "")"", """", ""dSYM UUID: 94A00A53-3EE0-39AA-B98E-9113A3557DE7"", ""CPU Type: armv7"", ""Slide Address: 0x00004000"", ""Binary Image: ??"", ""Base Address: 0x00089000""]",0x4d0c51,0x333ca3,0x333e8b,0x3346af,0x341eb9,0x354a79,0x348ed3,0x447cc9
Application received signal SIGSEGV,5.0.2,350,2015-03-25 09:54:24,94A00A53-3EE0-39AA-B98E-9113A3557DE7,armv7,"[""Application received signal SIGSEGV"", ""(null)"", ""("", ""\t0   CoreFoundation                      0x22e6d4b7 <redacted> + 150"", ""\t1   libobjc.A.dylib                     0x30654c8b objc_exception_throw + 38"", ""\t2   CoreFoundation                      0x22e6d3e5 <redacted> + 0"", ""\t3   ??????                              0x4d0c51 _ZN12CAX4CCStringC2El + 801188"", ""\t4   libsystem_platform.dylib            0x30d14873 _sigtramp + 34"", ""\t5   CFNetwork                           0x228dca39 <redacted> + 76"", ""\t6   CFNetwork                           0x228dca39 <redacted> + 76"", ""\t7   CFNetwork                           0x229769e3 <redacted> + 14"", ""\t8   libdispatch.dylib                   0x30bb47bb <redacted> + 10"", ""\t9   libdispatch.dylib                   0x30bbddab <redacted> + 866"", ""\t10  libdispatch.dylib                   0x30bbecd7 <redacted> + 94"", ""\t11  libsystem_pthread.dylib             0x30d15e31 _pthread_wqthread + 668"", ""\t12  libsystem_pthread.dylib             0x30d15b84 start_wqthread + 8"", "")"", """", ""dSYM UUID: 94A00A53-3EE0-39AA-B98E-9113A3557DE7"", ""CPU Type: armv7"", ""Slide Address: 0x00004000"", ""Binary Image: ??"", ""Base Address: 0x00045000""]",0x4d0c51
Application received signal SIGSEGV,5.0.2,345,2015-03-25 10:00:29,94A00A53-3EE0-39AA-B98E-9113A3557DE7,armv7,"[""Application received signal SIGSEGV"", ""(null)"", ""("", ""\t0   CoreFoundation                      0x2bfe2477 <redacted> + 150"", ""\t1   libobjc.A.dylib                     0x39ea5c8b objc_exception_throw + 38"", ""\t2   CoreFoundation                      0x2bfe23a5 <redacted> + 0"", ""\t3   ??????                              0x4d0c51 _ZN12CAX4CCStringC2El + 801188"", ""\t4   libsystem_platform.dylib            0x3a575873 _sigtramp + 34"", ""\t5   libicucore.A.dylib                  0x39a2e4e1 _ZN3icu12RegexMatcher4findEv + 832"", ""\t6   libicucore.A.dylib                  0x39a2e4e1 _ZN3icu12RegexMatcher4findEv + 832"", ""\t7   libicucore.A.dylib                  0x39a6248b uregex_findNext + 46"", ""\t8   Foundation                          0x2cca3259 <redacted> + 808"", ""\t9   Foundation                          0x2cca2ed9 <redacted> + 212"", ""\t10  ??????                              0x333ca3 ?????? + 3341475"", ""\t11  ??????                              0x333e8b ?????? + 3341963"", ""\t12  ??????                              0x3346af ?????? + 3344047"", ""\t13  ??????                              0x341eb9 ?????? + 3399353"", ""\t14  ??????                              0x354a79 ?????? + 3476089"", ""\t15  ??????                              0x348ed3 ?????? + 3428051"", ""\t16  ??????                              0x4493ad _ZN12CAX4CCStringC2El + 246016"", ""\t17  Foundation                          0x2cd1789f <redacted> + 386"", ""\t18  CoreFoundation                      0x2bfa8fbf <redacted> + 14"", ""\t19  CoreFoundation                      0x2bfa83cf <redacted> + 218"", ""\t20  CoreFoundation                      0x2bfa6a35 <redacted> + 772"", ""\t21  CoreFoundation                      0x2bef43b1 CFRunLoopRunSpecific + 476"", ""\t22  CoreFoundation                      0x2bef41c3 CFRunLoopRunInMode + 106"", ""\t23  Foundation                          0x2cc528bd <redacted> + 264"", ""\t24  Foundation                          0x2cca0bbd <redacted> + 80"", ""\t25  ??????                              0x447cc9 _ZN12CAX4CCStringC2El + 240156"", ""\t26  Foundation                          0x2cd1768b <redacted> + 1118"", ""\t27  libsystem_pthread.dylib             0x3a578e23 <redacted> + 138"", ""\t28  libsystem_pthread.dylib             0x3a578d97 _pthread_start + 118"", ""\t29  libsystem_pthread.dylib             0x3a576b20 thread_start + 8"", "")"", """", ""dSYM UUID: 94A00A53-3EE0-39AA-B98E-9113A3557DE7"", ""CPU Type: armv7"", ""Slide Address: 0x00004000"", ""Binary Image: ??"", ""Base Address: 0x000dc000""]",0x4d0c51,0x333ca3,0x333e8b,0x3346af,0x341eb9,0x354a79,0x348ed3,0x4493ad,0x447cc9
Application received signal SIGABRT,5.0.2,337,2015-03-25 09:54:24,94A00A53-3EE0-39AA-B98E-9113A3557DE7,armv7,"[""Application received signal SIGABRT"", ""(null)"", ""("", ""\t0   CoreFoundation                      0x28e2a4b7 <redacted> + 150"", ""\t1   libobjc.A.dylib                     0x365e4c8b objc_exception_throw + 38"", ""\t2   CoreFoundation                      0x28e2a3e5 <redacted> + 0"", ""\t3   ??????                              0x4d0c51 _ZN12CAX4CCStringC2El + 801188"", ""\t4   libsystem_platform.dylib            0x36ca4873 _sigtramp + 34"", ""\t5   libsystem_pthread.dylib             0x36ca8d37 pthread_kill + 62"", ""\t6   libsystem_c.dylib                   0x36bca909 abort + 76"", ""\t7   libsystem_malloc.dylib              0x36c5b3af <redacted> + 334"", ""\t8   libsystem_malloc.dylib              0x36c5b69f <redacted> + 66"", ""\t9   libsystem_malloc.dylib              0x36c56499 <redacted> + 700"", ""\t10  libsystem_malloc.dylib              0x36c561b1 malloc_zone_realloc + 92"", ""\t11  libsystem_malloc.dylib              0x36c560eb realloc + 266"", ""\t12  libicucore.A.dylib                  0x360fb671 _ZN3icu9UVector6414expandCapacityEiR10UErrorCode + 92"", ""\t13  libicucore.A.dylib                  0x3616f6cd _ZN3icu12RegexMatcher7MatchAtExaR10UErrorCode + 9756"", ""\t14  libicucore.A.dylib                  0x3616c4e1 _ZN3icu12RegexMatcher4findEv + 832"", ""\t15  libicucore.A.dylib                  0x361a048b uregex_findNext + 46"", ""\t16  Foundation                          0x29ac66f9 <redacted> + 808"", ""\t17  Foundation                          0x29ac6379 <redacted> + 212"", ""\t18  ??????                              0x333ca3 ?????? + 3341475"", ""\t19  ??????                              0x333e8b ?????? + 3341963"", ""\t20  ??????                              0x3346af ?????? + 3344047"", ""\t21  ??????                              0x341eb9 ?????? + 3399353"", ""\t22  ??????                              0x354a79 ?????? + 3476089"", ""\t23  ??????                              0x348ed3 ?????? + 3428051"", ""\t24  ??????                              0x4493ad _ZN12CAX4CCStringC2El + 246016"", ""\t25  Foundation                          0x29b3ad0f <redacted> + 386"", ""\t26  CoreFoundation                      0x28df0d57 <redacted> + 14"", ""\t27  CoreFoundation                      0x28df0167 <redacted> + 218"", ""\t28  CoreFoundation                      0x28dee7cd <redacted> + 772"", ""\t29  CoreFoundation                      0x28d3c3c1 CFRunLoopRunSpecific + 476"", ""\t30  CoreFoundation                      0x28d3c1d3 CFRunLoopRunInMode + 106"", ""\t31  Foundation                          0x29a75b9d <redacted> + 264"", ""\t32  Foundation                          0x29ac405d <redacted> + 80"", ""\t33  ??????                              0x447cc9 _ZN12CAX4CCStringC2El + 240156"", ""\t34  Foundation                          0x29b3aafb <redacted> + 1118"", ""\t35  libsystem_pthread.dylib             0x36ca7e93 <redacted> + 138"", ""\t36  libsystem_pthread.dylib             0x36ca7e07 _pthread_start + 118"", ""\t37  libsystem_pthread.dylib             0x36ca5b90 thread_start + 8"", "")"", """", ""dSYM UUID: 94A00A53-3EE0-39AA-B98E-9113A3557DE7"", ""CPU Type: armv7"", ""Slide Address: 0x00004000"", ""Binary Image: ??"", ""Base Address: 0x0009e000""]",0x4d0c51,0x333ca3,0x333e8b,0x3346af,0x341eb9,0x354a79,0x348ed3,0x4493ad,0x447cc9
